"('work_time', 1)","('work_time', 2)","('work_time', 3)","('work_time', 4)","('work_time', 5)","('work_time', 6)","('Mouse_wheel', 1)","('Mouse_wheel', 2)","('Mouse_wheel', 3)","('Mouse_wheel', 4)","('Mouse_wheel', 5)","('Mouse_wheel', 6)","('mouse_wheel_click', 1)","('mouse_wheel_click', 2)","('mouse_wheel_click', 3)","('mouse_wheel_click', 4)","('mouse_wheel_click', 5)","('mouse_wheel_click', 6)","('mouse_click_left', 1)","('mouse_click_left', 2)","('mouse_click_left', 3)","('mouse_click_left', 4)","('mouse_click_left', 5)","('mouse_click_left', 6)","('mouse_click_right', 1)","('mouse_click_right', 2)","('mouse_click_right', 3)","('mouse_click_right', 4)","('mouse_click_right', 5)","('mouse_click_right', 6)","('mouse_movement', 1)","('mouse_movement', 2)","('mouse_movement', 3)","('mouse_movement', 4)","('mouse_movement', 5)","('mouse_movement', 6)","('keystroke', 1)","('keystroke', 2)","('keystroke', 3)","('keystroke', 4)","('keystroke', 5)","('keystroke', 6)",Student Id,Session 2,Session 3,Session 4,Session 5,Session 6,Student ID,"ES 1.1 
(2 points)","ES 1.2 
(3 points)","ES 2.1
(2 points)","ES 2.2
(3 points)","ES 3.1
(1 points)","ES 3.2
(2 points)","ES 3.3
(2 points)","ES 3.4
(2 points)","ES 3.5
(3 points)","ES 4.1
(15 points)","ES 4.2
(10 points)","ES 5.1
(2 points)","ES 5.2
(10 points)","ES 5.3
(3 points)","ES 6.1
(25 points)","ES 6.2
(15 points)","TOTAL
(100 points)",Trecut/Picat
6574.0,8603.0,,5197.0,6872.0,10631.0,450.0,1481.0,,1091.0,1286.0,1511.0,0.0,0.0,,0.0,0.0,0.0,4316.0,4265.0,,2506.0,2887.0,6300.0,294.0,314.0,,18.0,142.0,96.0,324972.0,304793.0,,177938.0,207868.0,471504.0,1184.0,3296.0,,2850.0,3795.0,1795.0,1,5.0,0.0,4.5,4.0,2.25,1,2.0,3.0,1.0,0.5,1.0,2,2.0,2.0,3.0,15.0,10.0,2.0,10.0,3.0,25.0,13.0,94.5,1
4462.0,8723.0,9831.0,4278.0,5263.0,6029.0,0.0,0.0,1379.0,834.0,1577.0,882.0,0.0,0.0,0.0,0.0,0.0,0.0,2.0,3938.0,5662.0,2126.0,2422.0,3104.0,0.0,98.0,306.0,88.0,166.0,104.0,82.0,73910.0,265941.0,102764.0,131840.0,179267.0,1176.0,5151.0,4949.0,2254.0,3192.0,1546.0,2,4.0,3.5,4.5,4.0,1.0,2,2.0,3.0,2.0,0.5,1.0,2,0.0,2.0,3.0,15.0,2.0,0.0,5.0,1.5,5.0,0.0,44.0,0
,8325.0,9278.0,5285.0,5543.0,,,0.0,0.0,879.0,1428.0,,,0.0,0.0,0.0,0.0,,,2881.0,4004.0,3180.0,3152.0,,,166.0,268.0,220.0,104.0,,,93288.0,166912.0,263773.0,197805.0,,,4330.0,4877.0,2010.0,4753.0,,3,3.5,3.5,4.5,4.0,0.0,3,2.0,3.0,1.0,2.0,1.0,2,2.0,2.0,3.0,15.0,10.0,1.0,5.0,3.0,18.0,15.0,85.0,1
4980.0,7937.0,8667.0,3437.0,5139.0,9382.0,617.0,1542.0,2072.0,489.0,1139.0,999.0,0.0,0.0,0.0,0.0,0.0,0.0,2665.0,4643.0,2948.0,1578.0,2040.0,5408.0,50.0,132.0,192.0,100.0,176.0,152.0,262412.0,339230.0,292966.0,129367.0,206644.0,466001.0,1313.0,5490.0,7487.0,2441.0,2733.0,1558.0,5,5.0,4.0,5.0,4.0,2.75,5,2.0,3.0,2.0,1.5,1.0,2,2.0,2.0,3.0,3.0,2.0,1.5,9.0,1.5,2.0,1.0,38.5,0
,8432.0,9548.0,4570.0,6592.0,9025.0,,1948.0,4452.0,1801.0,3803.0,2437.0,,0.0,0.0,0.0,0.0,0.0,,4538.0,3914.0,2442.0,3288.0,5066.0,,358.0,314.0,18.0,182.0,56.0,,253265.0,241396.0,166041.0,260342.0,355854.0,,4176.0,4176.0,2609.0,2803.0,3213.0,6,5.5,3.5,4.5,3.0,3.0,6,2.0,3.0,2.0,3.0,1.0,2,2.0,0.0,3.0,15.0,7.0,2.0,9.0,3.0,13.0,15.0,82.0,1
5355.0,8449.0,9492.0,4955.0,3751.0,9278.0,0.0,2426.0,728.0,342.0,1088.0,1212.0,18.0,0.0,0.0,0.0,2.0,0.0,2480.0,3070.0,3846.0,1203.0,1238.0,3746.0,64.0,184.0,390.0,38.0,86.0,98.0,117007.0,231312.0,159699.0,67502.0,92545.0,254651.0,1879.0,4108.0,5211.0,3270.0,3495.0,901.0,7,4.0,4.0,4.5,4.0,2.0,7,2.0,3.0,1.0,1.5,1.0,2,1.0,1.0,3.0,10.0,7.0,0.5,1.25,1.5,18.5,11.0,65.25,1
,8714.0,9395.0,2663.0,4993.0,,,954.0,2534.0,855.0,617.0,,,0.0,0.0,0.0,0.0,,,2916.0,4220.0,2230.0,1870.0,,,326.0,432.0,36.0,152.0,,,191575.0,194971.0,105374.0,117945.0,,,3788.0,3753.0,555.0,1413.0,,8,4.0,3.5,4.0,3.0,0.0,8,0.5,3.0,0.0,0.0,1.0,2,0.0,2.0,0.0,0.0,0.0,0.0,0.0,0.0,0.0,0.0,8.5,0
3222.0,,8458.0,3402.0,6238.0,10270.0,594.0,,3084.0,957.0,1826.0,0.0,0.0,,0.0,0.0,2.0,0.0,2417.0,,4556.0,1936.0,2430.0,4246.0,292.0,,418.0,20.0,142.0,22.0,125138.0,,215098.0,90966.0,97857.0,124915.0,846.0,,5173.0,1732.0,3590.0,1142.0,9,0.0,3.0,4.0,4.0,2.0,9,2.0,3.0,1.0,0.5,1.0,2,2.0,2.0,3.0,2.0,0.0,0.0,0.0,0.0,0.0,0.0,18.5,0
5157.0,7978.0,8641.0,5204.0,5463.0,9313.0,583.0,1309.0,545.0,992.0,2594.0,1349.0,0.0,0.0,4.0,0.0,0.0,0.0,2674.0,4192.0,5013.0,5479.0,4096.0,5386.0,208.0,372.0,428.0,68.0,186.0,110.0,164890.0,245732.0,280370.0,202982.0,188770.0,278471.0,731.0,4359.0,3012.0,2412.0,2744.0,1717.0,10,5.0,4.0,4.5,4.0,3.0,10,2.0,3.0,2.0,1.5,1.0,2,0.0,2.0,3.0,11.0,1.0,2.0,10.0,1.5,7.0,10.0,59.0,1
5809.0,9129.0,10255.0,2762.0,4118.0,9471.0,338.0,1169.0,173.0,551.0,894.0,493.0,0.0,0.0,0.0,0.0,0.0,0.0,2849.0,3270.0,370.0,1617.0,2048.0,5148.0,194.0,346.0,2.0,36.0,166.0,70.0,260427.0,326989.0,30360.0,139666.0,212657.0,414450.0,813.0,3589.0,2669.0,2205.0,1989.0,1220.0,11,4.0,2.0,5.0,4.0,1.5,11,2.0,3.0,1.0,0.5,1.0,2,2.0,2.0,3.0,12.0,3.0,2.0,8.0,1.5,12.0,5.0,60.0,1
5702.0,7914.0,8676.0,4721.0,6964.0,10300.0,0.0,0.0,0.0,71.0,0.0,0.0,0.0,0.0,0.0,0.0,0.0,0.0,2958.0,2502.0,2888.0,2196.0,1774.0,3126.0,182.0,172.0,358.0,18.0,104.0,42.0,95278.0,65127.0,76197.0,53262.0,54708.0,82157.0,1518.0,2641.0,4004.0,572.0,2775.0,1175.0,12,3.5,3.5,4.5,4.0,2.0,12,2.0,3.0,0.5,2.0,1.0,2,0.0,2.0,3.0,15.0,2.0,0.5,5.5,2.0,0.0,0.0,40.5,0
5474.0,7608.0,9733.0,3126.0,3587.0,9410.0,0.0,0.0,3040.0,710.0,1472.0,1070.0,0.0,0.0,0.0,0.0,0.0,0.0,3507.0,2580.0,4280.0,1520.0,1759.0,5133.0,224.0,154.0,392.0,8.0,68.0,26.0,131448.0,102054.0,236851.0,98300.0,112036.0,303810.0,1315.0,2848.0,4658.0,1497.0,2244.0,711.0,15,2.0,4.0,5.0,4.0,2.0,15,2.0,3.0,1.0,2.0,1.0,2,2.0,2.0,3.0,15.0,10.0,2.0,4.0,1.5,2.0,15.0,67.5,1
,7993.0,9072.0,3006.0,3983.0,9449.0,,0.0,0.0,0.0,0.0,0.0,,0.0,0.0,0.0,0.0,0.0,,586.0,4236.0,2376.0,1890.0,4758.0,,6.0,56.0,2.0,60.0,20.0,,24040.0,155790.0,57850.0,66183.0,169328.0,,4098.0,6134.0,2138.0,3461.0,1458.0,16,3.0,2.5,5.0,4.0,2.0,16,2.0,3.0,1.0,0.0,1.0,2,2.0,2.0,3.0,3.0,9.0,1.0,0.0,3.0,20.0,15.0,67.0,1
1425.0,8625.0,9303.0,5433.0,6957.0,8878.0,0.0,0.0,0.0,1034.0,1554.0,780.0,0.0,0.0,0.0,0.0,0.0,2.0,1152.0,16.0,2374.0,2126.0,2122.0,4118.0,124.0,0.0,300.0,48.0,134.0,70.0,36565.0,1110.0,66355.0,117178.0,151230.0,230502.0,929.0,5713.0,6121.0,2722.0,4713.0,1224.0,17,3.5,3.5,5.0,4.0,4.0,17,2.0,3.0,1.0,2.0,1.0,2,2.0,2.0,3.0,15.0,10.0,2.0,10.0,3.0,24.0,15.0,97.0,1
,7054.0,10620.0,6300.0,4417.0,10446.0,,19.0,0.0,715.0,1271.0,0.0,,0.0,0.0,0.0,0.0,0.0,,2740.0,4139.0,1651.0,1434.0,5063.0,,278.0,406.0,92.0,152.0,68.0,,106116.0,165884.0,127347.0,118989.0,207403.0,,2592.0,5694.0,4063.0,3139.0,1829.0,18,5.0,4.0,4.5,4.0,3.0,18,1.0,3.0,2.0,3.0,1.0,2,2.0,2.0,3.0,15.0,7.0,2.0,2.5,1.5,5.0,10.0,62.0,1
6655.0,8069.0,9145.0,4065.0,6214.0,10248.0,0.0,905.0,5.0,2291.0,913.0,0.0,0.0,0.0,0.0,0.0,2.0,2.0,3170.0,2878.0,3894.0,2724.0,5007.0,5448.0,62.0,112.0,66.0,176.0,108.0,66.0,144993.0,143636.0,142924.0,212359.0,275452.0,208496.0,1116.0,3053.0,5534.0,883.0,2569.0,935.0,20,3.0,3.0,4.5,3.5,2.0,20,2.0,3.0,2.0,1.5,1.0,2,2.0,2.0,2.25,15.0,10.0,1.0,4.0,3.0,15.0,12.25,78.0,1
5045.0,9287.0,,3056.0,6501.0,,177.0,450.0,,213.0,735.0,,0.0,0.0,,0.0,0.0,,2630.0,3400.0,,1984.0,3194.0,,186.0,384.0,,32.0,164.0,,73515.0,79250.0,,38073.0,58805.0,,1158.0,4577.0,,834.0,3454.0,,22,4.5,0.0,4.0,4.0,0.0,22,2.0,3.0,1.0,0.5,1.0,2,2.0,0.0,3.0,4.0,0.0,0.0,0.0,1.5,10.0,10.0,40.0,0
,9054.0,11057.0,3323.0,6544.0,8891.0,,9.0,1898.0,688.0,1015.0,933.0,,0.0,8.0,0.0,0.0,2.0,,2431.0,3476.0,1508.0,1983.0,3990.0,,174.0,320.0,60.0,164.0,118.0,,127908.0,215610.0,118078.0,192470.0,289785.0,,7699.0,4388.0,882.0,2849.0,2161.0,24,2.5,2.0,4.5,3.5,3.0,24,2.0,3.0,1.0,1.0,1.0,2,2.0,2.0,3.0,13.0,2.5,1.0,5.0,3.0,7.5,2.5,51.5,1
2867.0,9063.0,10339.0,6128.0,4692.0,10480.0,0.0,0.0,0.0,825.0,1309.0,1441.0,0.0,0.0,0.0,0.0,0.0,0.0,1682.0,3162.0,3206.0,1643.0,1372.0,4852.0,98.0,280.0,318.0,34.0,106.0,70.0,76786.0,92128.0,164354.0,108505.0,100003.0,321467.0,100.0,4274.0,6622.0,3969.0,2578.0,1406.0,28,6.0,4.0,5.0,4.0,3.0,28,2.0,3.0,1.0,2.0,1.0,2,2.0,2.0,0.0,15.0,8.5,2.0,4.0,3.0,19.0,13.0,79.5,1
6255.0,8298.0,10507.0,5721.0,5978.0,10040.0,1583.0,0.0,0.0,0.0,0.0,0.0,14.0,0.0,0.0,0.0,0.0,0.0,3276.0,2644.0,4149.0,2084.0,3524.0,4990.0,182.0,84.0,44.0,128.0,68.0,88.0,234300.0,113765.0,167735.0,81017.0,121884.0,195944.0,1415.0,3847.0,4483.0,5789.0,3239.0,1560.0,30,3.0,2.0,4.5,4.0,2.75,30,1.0,1.5,2.0,1.0,0.5,1,1.0,1.0,1.5,7.5,5.0,0.5,2.5,0.75,2.0,2.5,31.25,0
,,,4623.0,,,,,,0.0,,,,,,0.0,,,,,,1804.0,,,,,,70.0,,,,,,83834.0,,,,,,1880.0,,,33,0.0,0.0,4.0,0.0,0.0,33,2.0,3.0,2.0,1.5,1.0,0,0.0,2.0,3.0,3.0,3.0,1.0,7.5,1.5,0.0,0.0,30.5,0
4510.0,8514.0,10733.0,5879.0,5220.0,10561.0,480.0,910.0,2352.0,1026.0,478.0,0.0,0.0,32.0,0.0,0.0,0.0,0.0,2544.0,2629.0,3434.0,2117.0,1407.0,4719.0,112.0,250.0,312.0,4.0,94.0,34.0,128047.0,156817.0,225952.0,113056.0,130066.0,149627.0,1163.0,3022.0,4769.0,5057.0,3756.0,1536.0,36,5.5,4.0,5.0,4.0,2.75,36,2.0,3.0,1.0,0.0,1.0,1,0.0,2.0,3.0,13.0,9.0,2.0,10.0,3.0,16.0,13.0,79.0,1
4678.0,,,4450.0,6380.0,7808.0,530.0,,,739.0,1479.0,516.0,0.0,,,0.0,0.0,0.0,3056.0,,,1528.0,2435.0,6198.0,196.0,,,70.0,198.0,82.0,245312.0,,,160075.0,235202.0,461392.0,1435.0,,,3697.0,4185.0,1558.0,37,0.0,0.0,4.5,3.5,3.0,37,2.0,3.0,1.5,0.75,0.25,2,0.0,2.0,0.0,11.0,2.0,0.0,0.0,0.0,0.0,0.0,24.5,0
5990.0,8822.0,11363.0,3498.0,5071.0,8692.0,0.0,1369.0,1392.0,1054.0,50.0,736.0,0.0,0.0,0.0,0.0,0.0,0.0,2220.0,1946.0,1930.0,1102.0,127.0,3860.0,16.0,150.0,290.0,30.0,12.0,54.0,86315.0,130336.0,104746.0,91117.0,14382.0,222963.0,3510.0,3969.0,7417.0,964.0,1807.0,1172.0,38,4.0,2.5,4.5,3.5,3.0,38,2.0,3.0,2.0,0.5,1.0,2,2.0,2.0,3.0,15.0,4.0,1.0,2.5,1.5,0.0,0.0,41.5,0
5749.0,8817.0,8812.0,4629.0,6576.0,9474.0,847.0,928.0,3882.0,841.0,926.0,1269.0,52.0,24.0,10.0,20.0,38.0,62.0,3075.0,2956.0,5020.0,2608.0,4016.0,5452.0,370.0,220.0,372.0,112.0,186.0,78.0,153241.0,141344.0,242141.0,114651.0,162972.0,297437.0,1831.0,5302.0,6877.0,2006.0,3825.0,1529.0,39,3.0,1.0,4.5,3.5,2.5,39,2.0,3.0,1.5,0.0,0.5,0,0.0,2.0,0.0,9.0,7.0,1.0,4.0,1.25,17.0,14.0,62.25,1
,7521.0,9265.0,4873.0,4025.0,10929.0,,2021.0,1202.0,688.0,789.0,1206.0,,2.0,0.0,0.0,0.0,0.0,,4664.0,4414.0,3700.0,2088.0,7234.0,,398.0,406.0,88.0,102.0,70.0,,336652.0,178333.0,116606.0,80966.0,273933.0,,4786.0,5793.0,3872.0,3163.0,3209.0,41,5.5,4.0,5.0,4.0,3.25,41,2.0,3.0,2.0,3.0,1.0,2,2.0,2.0,3.0,13.0,10.0,2.0,10.0,3.0,25.0,15.0,98.0,1
3805.0,8631.0,8392.0,4717.0,6375.0,9751.0,1172.0,2385.0,6227.0,2749.0,2122.0,1678.0,0.0,0.0,0.0,2.0,0.0,0.0,2675.0,6024.0,4642.0,4650.0,4144.0,8186.0,12.0,12.0,24.0,60.0,22.0,32.0,292848.0,690445.0,701885.0,480173.0,516556.0,1018632.0,1490.0,7401.0,4901.0,6238.0,4601.0,2975.0,44,5.5,4.0,4.5,4.0,3.0,44,2.0,3.0,1.5,2.5,1.0,2,2.0,2.0,3.0,9.0,8.5,1.0,7.5,3.0,14.0,11.75,73.75,1
7408.0,7994.0,,5466.0,,9070.0,0.0,0.0,,0.0,,614.0,0.0,0.0,,0.0,,0.0,3668.0,3540.0,,3388.0,,6296.0,64.0,54.0,,48.0,,66.0,108789.0,102547.0,,83554.0,,1507096.0,1400.0,2394.0,,1581.0,,1012.0,46,2.0,0.5,4.0,4.0,1.0,46,2.0,3.0,1.0,0.0,1.0,1,0.0,1.0,0.0,3.0,2.5,0.0,0.0,0.0,2.5,0.0,17.0,0
6549.0,8596.0,9400.0,5516.0,4445.0,9181.0,0.0,0.0,2970.0,47.0,139.0,213.0,0.0,0.0,12.0,0.0,2.0,0.0,3962.0,4690.0,4368.0,3213.0,2400.0,5173.0,174.0,384.0,310.0,120.0,146.0,68.0,140568.0,139711.0,316041.0,82841.0,74854.0,158167.0,1350.0,3976.0,2064.0,2062.0,4437.0,1027.0,51,1.0,1.0,4.0,4.0,0.5,51,1.5,1.5,0.25,0.0,1.0,2,1.0,1.0,0.0,0.0,0.5,0.0,0.0,0.0,0.0,0.0,8.75,0
5033.0,8644.0,8673.0,4250.0,5380.0,9177.0,0.0,0.0,0.0,0.0,716.0,0.0,0.0,0.0,0.0,0.0,0.0,0.0,2518.0,3388.0,4114.0,1226.0,1572.0,0.0,156.0,308.0,336.0,26.0,126.0,0.0,72695.0,77600.0,95103.0,36954.0,106143.0,0.0,1584.0,5576.0,5998.0,1847.0,3639.0,1741.0,52,6.0,4.0,5.0,4.0,2.25,52,2.0,2.0,2.0,0.0,1.0,2,0.0,0.0,0.0,4.0,2.0,0.0,0.0,3.0,8.0,10.0,36.0,0
4190.0,8169.0,9706.0,4698.0,5345.0,5266.0,110.0,1613.0,3532.0,80.0,920.0,762.0,0.0,0.0,0.0,0.0,0.0,0.0,2142.0,2242.0,3558.0,1072.0,1581.0,2182.0,202.0,240.0,372.0,44.0,126.0,76.0,93423.0,167332.0,247153.0,48820.0,141783.0,156805.0,666.0,2033.0,2411.0,1032.0,1451.0,205.0,54,4.5,3.5,4.5,3.5,0.75,54,2.0,3.0,1.0,1.5,1.0,2,0.0,2.0,3.0,15.0,2.0,0.0,5.0,1.5,0.0,0.0,39.0,0
5206.0,7526.0,7163.0,4748.0,5848.0,9594.0,0.0,0.0,0.0,0.0,0.0,0.0,0.0,0.0,0.0,0.0,0.0,0.0,3138.0,3994.0,2374.0,2.0,2130.0,5368.0,168.0,328.0,300.0,0.0,106.0,42.0,132070.0,152673.0,91410.0,509.0,91357.0,193200.0,998.0,3476.0,3081.0,1519.0,1863.0,1104.0,56,2.5,3.0,4.5,3.0,3.0,56,2.0,3.0,2.0,2.5,1.0,2,2.0,1.0,1.5,15.0,10.0,1.5,7.0,2.25,16.5,8.5,77.75,1
,,,4626.0,,9523.0,,,,1644.0,,2006.0,,,,0.0,,0.0,,,,2576.0,,3938.0,,,,10.0,,48.0,,,,169180.0,,266267.0,,,,841.0,,1215.0,57,0.0,0.0,4.5,0.0,2.75,57,0.5,2.0,1.0,0.5,1.0,2,0.0,2.0,3.0,2.0,0.0,0.0,0.0,0.0,5.0,4.0,23.0,0
4845.0,9053.0,9236.0,3994.0,6038.0,8097.0,624.0,1145.0,2341.0,414.0,823.0,0.0,0.0,2.0,2.0,0.0,0.0,0.0,2538.0,2846.0,3047.0,1592.0,2423.0,2994.0,74.0,190.0,240.0,92.0,90.0,42.0,100384.0,136409.0,159676.0,68437.0,101146.0,91132.0,1290.0,3384.0,3383.0,735.0,1286.0,434.0,59,3.5,2.0,4.0,3.5,2.0,59,1.0,3.0,2.0,0.0,0.5,2,1.0,2.0,1.5,3.0,5.0,1.5,5.25,1.5,2.5,3.0,34.75,0
,,,4615.0,7698.0,8261.0,,,,1435.0,3109.0,1526.0,,,,0.0,2.0,0.0,,,,2819.0,3770.0,4800.0,,,,58.0,178.0,128.0,,,,170089.0,244787.0,306135.0,,,,806.0,3046.0,925.0,60,2.0,0.5,4.0,3.5,1.0,60,2.0,3.0,1.0,0.0,1.0,2,0.0,0.0,0.0,3.0,2.0,1.0,0.0,1.5,0.0,0.0,16.5,0
,7120.0,10830.0,2775.0,7516.0,9138.0,,2417.0,0.0,8.0,60.0,9.0,,0.0,0.0,0.0,0.0,0.0,,2759.0,2974.0,2227.0,3047.0,4805.0,,130.0,208.0,82.0,108.0,84.0,,157020.0,72023.0,91077.0,147628.0,238881.0,,2733.0,7026.0,1431.0,4742.0,1137.0,61,0.0,1.0,4.5,3.5,1.5,61,1.5,1.5,2.0,2.0,1.0,2,0.0,2.0,3.0,15.0,4.0,0.5,3.0,1.0,19.0,0.0,57.5,1
5432.0,,,2887.0,,,481.0,,,0.0,,,0.0,,,0.0,,,3672.0,,,1344.0,,,308.0,,,48.0,,,213042.0,,,39933.0,,,984.0,,,3742.0,,,62,0.0,0.0,4.0,0.0,0.0,62,2.0,3.0,1.5,0.0,1.0,2,2.0,2.0,1.5,3.0,4.5,1.0,3.75,0.75,2.0,2.5,32.5,0
5837.0,8380.0,10133.0,7323.0,6155.0,9417.0,0.0,0.0,0.0,0.0,0.0,0.0,0.0,0.0,0.0,0.0,0.0,0.0,3004.0,2296.0,3818.0,4901.0,2663.0,4178.0,228.0,114.0,224.0,18.0,92.0,44.0,96470.0,83922.0,147688.0,115609.0,83231.0,128760.0,1332.0,3204.0,4480.0,2164.0,3477.0,1258.0,63,3.5,1.5,5.0,3.5,1.0,63,2.0,3.0,2.0,2.0,1.0,2,2.0,2.0,3.0,7.0,6.0,2.0,10.0,3.0,12.0,10.0,69.0,1
3481.0,14738.0,7498.0,1611.0,5563.0,10510.0,1462.0,6614.0,3067.0,0.0,1430.0,1429.0,0.0,0.0,0.0,0.0,0.0,0.0,2723.0,5793.0,2145.0,740.0,1602.0,5428.0,120.0,574.0,164.0,4.0,56.0,110.0,148894.0,341195.0,129419.0,35198.0,48463.0,413175.0,953.0,5439.0,2960.0,1728.0,3127.0,33973.0,66,0.0,2.0,4.5,3.0,2.25,66,2.0,3.0,2.0,3.0,1.0,2,2.0,2.0,3.0,15.0,10.0,2.0,8.0,3.0,18.0,10.0,86.0,1
4234.0,8948.0,8166.0,3540.0,6189.0,7270.0,457.0,4173.0,4040.0,793.0,3378.0,2649.0,0.0,158.0,24.0,6.0,118.0,170.0,2778.0,4518.0,4887.0,2894.0,4244.0,4276.0,312.0,384.0,348.0,52.0,262.0,102.0,114849.0,421003.0,365681.0,200441.0,313867.0,402330.0,598.0,3882.0,4077.0,1764.0,2848.0,1766.0,67,5.5,4.0,4.5,4.0,2.75,67,2.0,3.0,0.75,1.0,1.0,2,2.0,2.0,3.0,14.75,10.0,2.0,7.5,3.0,19.75,12.5,86.25,1
5386.0,,8220.0,5910.0,4795.0,10257.0,655.0,,1734.0,0.0,0.0,0.0,0.0,,0.0,0.0,0.0,0.0,2518.0,,3108.0,1722.0,1490.0,3494.0,220.0,,396.0,46.0,150.0,86.0,240041.0,,316639.0,69533.0,58295.0,148227.0,919.0,,3250.0,3182.0,5014.0,1810.0,68,5.5,3.5,5.0,4.0,3.0,68,2.0,2.5,1.5,3.0,1.0,2,2.0,1.75,3.0,14.0,8.5,2.0,10.0,3.0,12.0,8.5,76.75,1
4340.0,8701.0,8781.0,4670.0,4051.0,10726.0,14.0,0.0,2789.0,1011.0,1246.0,0.0,0.0,2.0,26.0,12.0,0.0,0.0,26.0,4.0,3655.0,3526.0,1956.0,0.0,0.0,0.0,384.0,24.0,108.0,0.0,3102.0,295.0,188496.0,147011.0,97271.0,62.0,1197.0,4715.0,5750.0,252.0,2027.0,2165.0,70,5.5,4.0,5.0,4.0,3.25,70,2.0,3.0,2.0,2.0,1.0,2,2.0,2.0,3.0,15.0,8.5,1.0,0.0,0.0,12.0,5.0,60.5,1
3496.0,8752.0,,2905.0,4268.0,,244.0,731.0,,309.0,872.0,,4.0,0.0,,0.0,0.0,,1652.0,3672.0,,1550.0,1880.0,,122.0,236.0,,54.0,104.0,,113643.0,270724.0,,101767.0,134675.0,,883.0,4644.0,,1474.0,1465.0,,71,5.0,0.0,5.0,3.5,0.0,71,2.0,3.0,2.0,2.0,1.0,2,2.0,2.0,3.0,15.0,10.0,0.5,5.0,1.5,25.0,14.5,90.5,1
,8479.0,7930.0,4807.0,5798.0,7294.0,,2085.0,211.0,1669.0,599.0,680.0,,0.0,0.0,0.0,0.0,0.0,,5864.0,506.0,1914.0,2850.0,5236.0,,480.0,24.0,20.0,128.0,76.0,,317438.0,22214.0,94355.0,219207.0,349756.0,,6111.0,3758.0,3774.0,2730.0,1959.0,72,4.5,3.0,4.0,3.5,2.75,72,2.0,3.0,2.0,2.0,1.0,2,2.0,2.0,3.0,15.0,7.0,2.0,10.0,3.0,24.0,15.0,95.0,1
5118.0,8904.0,8855.0,4519.0,,7828.0,3477.0,12507.0,6534.0,1803.0,,3939.0,0.0,0.0,0.0,0.0,,0.0,2493.0,2489.0,3832.0,1270.0,,3959.0,232.0,306.0,380.0,10.0,,70.0,118390.0,137230.0,372050.0,60679.0,,189470.0,1497.0,4282.0,4667.0,2864.0,,748.0,73,4.5,3.0,4.0,0.0,2.0,73,2.0,3.0,1.0,0.25,1.0,2,1.0,1.0,3.0,9.0,4.0,0.0,0.0,1.5,5.5,4.5,38.75,0
,,9809.0,2707.0,3704.0,9570.0,,,35.0,341.0,531.0,549.0,,,0.0,0.0,0.0,2.0,,,4386.0,1577.0,1816.0,4544.0,,,394.0,16.0,96.0,110.0,,,241109.0,99046.0,102241.0,245126.0,,,3906.0,1163.0,2299.0,566.0,75,0.0,4.0,5.0,4.0,2.0,75,2.0,2.0,2.0,1.5,1.0,2,2.0,2.0,3.0,15.0,10.0,2.0,7.5,1.5,24.0,10.0,87.5,1
5022.0,6487.0,8674.0,5374.0,4970.0,7694.0,810.0,0.0,4083.0,1029.0,1584.0,0.0,0.0,0.0,0.0,0.0,0.0,0.0,3530.0,3497.0,5742.0,5164.0,2600.0,2.0,66.0,26.0,12.0,38.0,14.0,0.0,208143.0,116874.0,398015.0,240048.0,198443.0,3.0,1469.0,6290.0,6005.0,4131.0,4549.0,925.0,76,4.0,4.0,4.0,4.0,2.0,76,2.0,3.0,2.0,1.5,1.0,2,2.0,2.0,2.0,15.0,10.0,2.0,10.0,3.0,24.0,12.0,93.5,1
,,,4720.0,,,,,,1005.0,,,,,,0.0,,,,,,1842.0,,,,,,54.0,,,,,,60151.0,,,,,,1497.0,,,77,0.0,0.0,4.0,0.0,0.0,77,2.0,3.0,1.0,0.5,1.0,2,2.0,2.0,3.0,15.0,4.0,1.5,6.0,1.5,16.0,6.0,66.5,1
4843.0,6678.0,9943.0,4252.0,5355.0,9173.0,564.0,0.0,0.0,0.0,1.0,296.0,8.0,16.0,8.0,0.0,2.0,6.0,1683.0,2672.0,4278.0,2396.0,2122.0,5477.0,4.0,20.0,60.0,96.0,12.0,22.0,143577.0,171272.0,269542.0,153030.0,158560.0,377211.0,1052.0,3748.0,5529.0,1922.0,4052.0,1210.0,78,2.5,3.0,5.0,4.0,2.75,78,2.0,3.0,1.0,2.0,1.0,2,2.0,2.0,3.0,15.0,4.0,0.0,5.0,1.5,24.5,10.0,78.0,1
5039.0,8984.0,9910.0,3863.0,7056.0,9899.0,750.0,1808.0,2726.0,498.0,1013.0,925.0,0.0,0.0,0.0,0.0,0.0,0.0,2570.0,2732.0,3572.0,1378.0,1872.0,3402.0,202.0,238.0,296.0,74.0,106.0,42.0,83697.0,77366.0,107355.0,52755.0,65449.0,105356.0,1242.0,3809.0,5138.0,1660.0,2952.0,1111.0,79,5.0,3.5,4.5,4.0,2.75,79,2.0,3.0,1.0,1.5,0.5,2,2.0,2.0,3.0,13.0,4.0,1.0,9.0,1.5,25.0,14.0,84.5,1
5308.0,8683.0,9872.0,3902.0,5052.0,9183.0,864.0,2470.0,3644.0,1188.0,1602.0,1567.0,0.0,0.0,6.0,0.0,0.0,2.0,3388.0,3396.0,4173.0,2668.0,2558.0,6336.0,308.0,386.0,496.0,92.0,178.0,234.0,230310.0,240595.0,227582.0,209441.0,215053.0,399103.0,918.0,3108.0,4304.0,1110.0,2271.0,1571.0,82,2.5,2.5,4.0,3.5,1.5,82,2.0,3.0,1.0,0.5,1.0,2,0.0,0.0,0.0,2.0,2.0,0.0,0.0,0.0,0.0,0.0,13.5,0
,8058.0,8804.0,3692.0,3705.0,9370.0,,1703.0,2375.0,673.0,16793.0,8159.0,,0.0,0.0,0.0,0.0,0.0,,3572.0,4148.0,1830.0,1684.0,5976.0,,348.0,401.0,88.0,136.0,92.0,,226018.0,131707.0,64234.0,69106.0,164798.0,,3600.0,5184.0,2153.0,2549.0,854.0,83,4.0,2.5,4.5,4.0,2.0,83,2.0,3.0,2.0,0.25,1.0,1,1.0,2.0,0.0,5.0,4.0,1.25,5.5,0.75,11.5,3.5,43.75,0
4904.0,9006.0,8773.0,5218.0,6393.0,9493.0,187.0,1560.0,0.0,794.0,837.0,63.0,2.0,0.0,0.0,0.0,0.0,0.0,2622.0,3276.0,3154.0,2776.0,3996.0,6501.0,290.0,396.0,400.0,32.0,146.0,162.0,141332.0,224783.0,105221.0,97767.0,217757.0,311123.0,799.0,4330.0,3880.0,2415.0,2925.0,1393.0,87,4.0,3.5,4.5,3.5,2.25,87,2.0,3.0,1.25,1.75,1.0,2,2.0,2.0,3.0,9.0,7.0,1.0,5.0,0.75,9.0,10.5,60.25,1
4819.0,7872.0,10251.0,6174.0,6169.0,9121.0,130.0,1237.0,2334.0,493.0,409.0,1054.0,0.0,0.0,0.0,0.0,0.0,0.0,2430.0,3170.0,4026.0,2466.0,2240.0,6002.0,228.0,260.0,350.0,62.0,122.0,84.0,127606.0,222073.0,329796.0,195298.0,83472.0,421859.0,1389.0,3360.0,6320.0,3893.0,2511.0,1521.0,88,5.0,3.0,5.0,4.0,2.75,88,2.0,3.0,1.0,2.0,1.0,2,2.0,2.0,3.0,15.0,10.0,2.0,8.0,3.0,25.0,15.0,96.0,1
,,7336.0,9229.0,3201.0,9872.0,,,416.0,9.0,56.0,157.0,,,0.0,0.0,0.0,0.0,,,1522.0,5605.0,918.0,1690.0,,,26.0,222.0,40.0,36.0,,,38857.0,86625.0,24224.0,53448.0,,,562.0,64.0,74.0,152.0,89,0.5,1.5,3.5,2.5,0.5,89,2.0,3.0,1.5,0.0,1.0,2,0.0,2.0,3.0,0.0,2.0,0.0,0.0,0.0,0.0,0.0,16.5,0
5950.0,8708.0,9190.0,4473.0,5226.0,9858.0,1049.0,2193.0,5138.0,1319.0,1011.0,282.0,8.0,2.0,6.0,0.0,0.0,0.0,2721.0,3246.0,3826.0,1336.0,1290.0,4050.0,208.0,292.0,402.0,26.0,96.0,94.0,178803.0,226717.0,260483.0,94509.0,99430.0,296648.0,1474.0,4074.0,4587.0,2092.0,526.0,1868.0,91,6.0,4.0,5.0,4.0,2.25,91,2.0,2.0,1.0,2.0,1.0,2,2.0,2.0,3.0,5.0,10.0,0.0,5.5,2.0,17.0,10.0,66.5,1
6156.0,8968.0,9977.0,5506.0,6261.0,9683.0,0.0,0.0,0.0,0.0,579.0,0.0,0.0,0.0,0.0,0.0,0.0,0.0,2640.0,3598.0,4574.0,1372.0,2616.0,3376.0,58.0,90.0,34.0,66.0,48.0,50.0,106061.0,116378.0,73989.0,44569.0,125715.0,112120.0,2159.0,3720.0,4969.0,2183.0,3060.0,1723.0,92,2.5,2.5,4.5,4.0,1.0,92,1.75,3.0,1.5,0.25,1.0,2,0.0,2.0,0.0,9.0,4.5,0.5,1.25,0.5,0.0,0.0,27.25,0
4162.0,7816.0,9328.0,2945.0,5219.0,9509.0,160.0,875.0,1220.0,196.0,327.0,287.0,0.0,6.0,0.0,0.0,0.0,0.0,2883.0,3034.0,3838.0,1526.0,2506.0,5484.0,34.0,4.0,2.0,62.0,22.0,16.0,167480.0,220866.0,300471.0,98970.0,157471.0,324889.0,1256.0,4492.0,6804.0,820.0,2565.0,1053.0,93,4.0,4.0,4.5,4.0,1.5,93,2.0,3.0,2.0,1.5,1.0,2,2.0,2.0,3.0,3.0,6.0,0.0,0.0,1.5,24.0,13.0,66.0,1
5728.0,8245.0,8732.0,4388.0,5183.0,9611.0,791.0,1996.0,5440.0,1515.0,1350.0,1856.0,2.0,0.0,0.0,0.0,0.0,0.0,3450.0,4129.0,4117.0,1606.0,2174.0,4555.0,262.0,290.0,454.0,16.0,124.0,62.0,183768.0,185463.0,191663.0,79026.0,107653.0,352067.0,860.0,3472.0,3424.0,937.0,1870.0,1584.0,94,5.5,4.0,5.0,4.0,2.75,94,2.0,3.0,1.0,2.0,1.0,2,2.0,2.0,3.0,15.0,8.5,2.0,9.0,2.0,25.0,13.0,92.5,1
,9803.0,9559.0,3817.0,7868.0,10677.0,,2684.0,2408.0,945.0,2119.0,1256.0,,0.0,0.0,0.0,0.0,0.0,,5700.0,5620.0,2794.0,4500.0,5352.0,,436.0,412.0,96.0,130.0,64.0,,331937.0,228609.0,147541.0,178858.0,216747.0,,5407.0,4893.0,1415.0,1283.0,1497.0,95,4.0,3.5,5.0,3.0,3.25,95,2.0,3.0,1.0,0.5,1.0,2,0.0,2.0,3.0,15.0,8.0,0.0,0.0,0.0,10.0,5.0,52.5,1
5439.0,7583.0,,4671.0,5117.0,9366.0,243.0,1497.0,,246.0,527.0,670.0,0.0,0.0,,0.0,0.0,0.0,2939.0,3016.0,,1758.0,1944.0,4136.0,354.0,350.0,,132.0,154.0,88.0,276180.0,192535.0,,169341.0,182609.0,388254.0,825.0,2114.0,,2318.0,2383.0,504.0,96,4.5,0.0,5.0,4.0,2.25,96,2.0,3.0,2.0,1.5,1.0,2,2.0,2.0,3.0,15.0,7.0,2.0,10.0,3.0,12.0,10.0,77.5,1
5950.0,3890.0,10705.0,5172.0,4317.0,9498.0,6948.0,4367.0,3810.0,309.0,710.0,837.0,0.0,0.0,2.0,0.0,0.0,0.0,2046.0,761.0,2808.0,2204.0,2116.0,3940.0,10.0,4.0,12.0,102.0,4.0,2.0,114755.0,33006.0,178930.0,109740.0,106729.0,234755.0,1551.0,1367.0,4581.0,1786.0,1843.0,1229.0,98,3.5,4.0,5.0,4.0,3.0,98,2.0,3.0,1.0,2.0,1.0,2,2.0,2.0,3.0,13.0,10.0,2.0,4.0,1.5,10.0,8.0,66.5,1
,8166.0,9468.0,4122.0,6067.0,9475.0,,0.0,4734.0,1232.0,1436.0,1305.0,,0.0,0.0,0.0,0.0,0.0,,3394.0,4174.0,2662.0,3234.0,5486.0,,290.0,424.0,50.0,98.0,52.0,,67032.0,217221.0,150320.0,162006.0,262013.0,,3161.0,3948.0,1281.0,2417.0,1101.0,99,2.0,2.5,4.0,3.5,1.5,99,1.75,2.5,0.0,0.0,1.0,2,0.0,2.0,1.5,1.0,1.5,0.0,0.0,0.0,0.0,0.0,13.25,0
5898.0,7586.0,9064.0,,5116.0,,826.0,1452.0,3613.0,,906.0,,0.0,0.0,0.0,,0.0,,3675.0,3536.0,4740.0,,2572.0,,212.0,316.0,382.0,,96.0,,188849.0,186833.0,215302.0,,117494.0,,1539.0,3681.0,3722.0,,2763.0,,100,3.5,2.0,0.0,4.0,3.0,100,2.0,3.0,1.0,1.5,1.0,2,2.0,2.0,3.0,13.0,7.0,2.0,8.0,1.5,24.0,10.0,83.0,1
5887.0,8512.0,10619.0,,4248.0,,598.0,0.0,1841.0,,0.0,,0.0,0.0,0.0,,0.0,,2903.0,3116.0,2620.0,,1728.0,,204.0,320.0,234.0,,112.0,,187240.0,238720.0,203206.0,,168574.0,,743.0,2430.0,3322.0,,1325.0,,101,4.5,1.5,0.0,3.5,0.0,101,2.0,2.5,0.75,1.5,1.0,2,0.75,1.0,2.5,4.0,2.0,0.0,0.0,0.75,2.0,2.5,25.25,0
4960.0,7567.0,8645.0,,4617.0,7704.0,803.0,0.0,2263.0,,1022.0,762.0,4.0,0.0,2.0,,0.0,0.0,3547.0,2.0,3939.0,,1721.0,4502.0,50.0,0.0,362.0,,120.0,62.0,185957.0,51.0,161834.0,,104944.0,251622.0,1499.0,3191.0,5429.0,,2576.0,536.0,102,4.5,4.0,4.0,3.5,2.0,102,2.0,3.0,1.0,1.5,1.0,0,0.0,2.0,3.0,12.0,3.0,0.0,0.0,0.0,2.0,1.0,31.5,0
,8533.0,,,6825.0,,,2017.0,,,550.0,,,0.0,,,0.0,,,3152.0,,,3766.0,,,226.0,,,108.0,,,77675.0,,,93561.0,,,5919.0,,,1923.0,,103,2.0,0.0,0.0,3.5,0.0,103,2.0,3.0,1.0,1.5,1.0,2,0.0,2.0,3.0,3.0,0.0,0.0,0.0,0.0,0.0,0.0,18.5,0
5129.0,7501.0,,,4244.0,8905.0,0.0,869.0,,,1377.0,1476.0,0.0,0.0,,,0.0,0.0,2000.0,3190.0,,,2444.0,5020.0,140.0,60.0,,,64.0,94.0,48275.0,175926.0,,,129134.0,343956.0,2883.0,4157.0,,,2812.0,1442.0,104,6.0,0.0,4.5,4.0,2.75,104,2.0,3.0,1.0,1.5,1.0,2,2.0,2.0,3.0,15.0,9.0,2.0,8.0,3.0,24.5,13.0,92.0,1
,,8090.0,,,,,,2397.0,,,,,,8.0,,,,,,4506.0,,,,,,368.0,,,,,,960468.0,,,,,,4659.0,,,,106,0.0,3.5,0.0,0.0,0.0,106,2.0,3.0,1.25,0.75,1.0,2,2.0,2.0,3.0,5.0,5.75,0.5,0.75,0.75,16.0,12.5,58.25,1
